timestamp	revision_id
559097854	2013-06-09T18:08:13Z
558974296	2013-06-08T23:05:46Z
558973806	2013-06-08T23:00:36Z
558973461	2013-06-08T22:56:56Z
558973304	2013-06-08T22:55:30Z
558249222	2013-06-04T07:05:42Z
558243291	2013-06-04T05:53:01Z
558241347	2013-06-04T05:32:55Z
558239948	2013-06-04T05:18:38Z
558114487	2013-06-03T11:51:08Z
557898566	2013-06-01T23:49:31Z
557878547	2013-06-01T20:27:56Z
557878329	2013-06-01T20:25:31Z
557875805	2013-06-01T20:03:53Z
557875697	2013-06-01T20:02:58Z
557875675	2013-06-01T20:02:44Z
557806630	2013-06-01T09:15:45Z
557802015	2013-06-01T08:15:17Z
557792893	2013-06-01T06:23:29Z
557755795	2013-05-31T23:38:45Z
557755684	2013-05-31T23:37:44Z
557755393	2013-05-31T23:34:50Z
557754002	2013-05-31T23:21:35Z
557753931	2013-05-31T23:20:47Z
557753686	2013-05-31T23:18:32Z
557752507	2013-05-31T23:06:19Z
557752346	2013-05-31T23:04:35Z
557752112	2013-05-31T23:01:56Z
